{
    "meshes": [
        {
            "name": "DINCaseMount",
            "vertices": [
                [130.63399, 0, -29.91848],
                [136.40964, 0, -36.87308],
                [136.40963, 100.00007, -36.87305],
                [130.56380, 100.00008, -29.71095],
                [37.00166, 0, -29.62016],
                [40.57755, 0, -19.62000],
                [0, 0, 0],
                [136.40962, 0, -374.62025],
                [0, 100.00007, 0],
                [40.57755, 100.00008, -19.62000],
                [37.00166, 100.00007, -29.62016],
                [136.40963, 100.00008, -374.62017],
                [0.000003, 0, -497.12055],
                [0.000003, 100.00008, -497.12051],
                [161.10277, 0, -496.99429],
                [160.14212, 0, -347.96768],
                [175.86544, 0, -347.88334],
                [175.77387, 100.00008, -347.97237],
                [160.17494, 100.00009, -347.84859],
                [148.90983, 100.00008, -19.62000],
                [148.90982, 0, -19.62001],
                [149.37257, 100.00008, -41.20880],
                [150.22871, 0, -42.77991],
                [189.80019, 0, 0],
                [188.45470, 0, -12.48953],
                [189.80019, 100.00008, 0],
                [188.45463, 100.00006, -12.48945],
                [146.40979, 0, -374.62017],
                [146.40981, 100.00008, -374.62017],
                [176.00334, 0, -481.93771],
                [176.01675, 100.00006, -481.82777],
                [161.27024, 100.00008, -496.82693]
            ],
            "faces": [
                [1, 2, 3],
                [3, 4, 1],
                [5, 2, 1],
                [5, 6, 7],
                [8, 5, 7],
                [9, 10, 11],
                [12, 11, 3],
                [13, 7, 9],
                [9, 14, 13],
                [8, 7, 13],
                [12, 14, 9],
                [16, 17, 18],
                [18, 19, 16],
                [5, 11, 10],
                [10, 6, 5],
                [20, 21, 6],
                [20, 22, 23],
                [6, 21, 7],
                [24, 21, 25],
                [21, 23, 25],
                [5, 8, 2],
                [26, 20, 10],
                [26, 27, 22],
                [22, 20, 26],
                [25, 23, 22],
                [22, 27, 25],
                [25, 27, 26],
                [26, 24, 25],
                [16, 28, 17],
                [16, 19, 29],
                [29, 28, 16],
                [28, 15, 17],
                [15, 30, 17],
                [28, 29, 12],
                [18, 29, 19],
                [31, 32, 29],
                [30, 31, 18],
                [18, 31, 29],
                [30, 15, 32],
                [32, 31, 30],
                [30, 18, 17],
                [5, 4, 11],
                [5, 1, 4],
                [7, 24, 26],
                [26, 9, 7],
                [26, 10, 9],
                [11, 12, 9],
                [15, 8, 13],
                [14, 15, 13],
                [32, 14, 12],
                [21, 20, 23],
                [7, 21, 24],
                [8, 15, 28],
                [29, 32, 12],
                [4, 3, 11],
                [2, 8, 3],
                [10, 20, 6],
                [12, 8, 28],
                [8, 12, 3],
                [14, 32, 15]
            ]
        },
        {
            "name": "HexScrew",
            "vertices": [
                [0.000000, -15.000052, 115.734177],
                [15.000000, -0.000043, 115.734184],
                [0.000000, 14.999948, 115.734192],
                [8.333560, -12.472049, 20.403446],
                [5.740260, -13.858241, 115.734177],
                [5.740260, -13.858199, 20.403446],
                [0.000000, 14.999990, 20.403456],
                [2.926330, 14.711728, 115.734192],
                [2.926330, 14.711771, 20.403456],
                [-13.858190, -5.740259, 20.403448],
                [-14.711781, -2.926403, 115.734184],
                [-14.711781, -2.926360, 20.403450],
                [14.711781, -2.926350, 20.403450],
                [13.858200, -5.740293, 115.734184],
                [13.858200, -5.740250, 20.403448],
                [8.333540, 12.472040, 20.403454],
                [10.606590, 10.606568, 115.734184],
                [10.606590, 10.606611, 20.403454],
                [-12.472050, 8.333541, 20.403452],
                [-10.606600, 10.606547, 115.734184],
                [-10.606600, 10.606590, 20.403454],
                [13.858190, 5.740260, 20.403452],
                [14.711781, 2.926317, 115.734184],
                [14.711781, 2.926360, 20.403450],
                [-8.333550, 12.472030, 20.403454],
                [-5.740250, 13.858137, 115.734192],
                [-5.740250, 13.858180, 20.403454],
                [-10.606600, -10.606606, 20.403446],
                [-12.472050, -8.333603, 115.734184],
                [-12.472050, -8.333560, 20.403448],
                [2.926360, -14.711833, 115.734177],
                [2.926360, -14.711790, 20.403444],
                [12.472030, 8.333560, 20.403452],
                [13.858190, 5.740217, 115.734184],
                [15.000000, 0.000000, 20.403450],
                [14.711781, -2.926393, 115.734184],
                [0.000000, -15.000010, 20.403444],
                [-2.926350, -14.711833, 115.734177],
                [-2.926350, -14.711790, 20.403444],
                [5.740230, 13.858148, 115.734192],
                [5.740230, 13.858190, 20.403454],
                [-13.858190, 5.740240, 20.403452],
                [-12.472050, 8.333498, 115.734184],
                [12.472050, -8.333549, 20.403448],
                [10.606609, -10.606651, 115.734184],
                [10.606609, -10.606606, 20.403446],
                [-13.858190, -5.740302, 115.734184],
                [-5.740250, -13.858199, 20.403446],
                [-8.333550, -12.472102, 115.734177],
                [-8.333550, -12.472059, 20.403446],
                [12.472030, 8.333517, 115.734184],
                [-2.926360, 14.711728, 115.734192],
                [-2.926360, 14.711771, 20.403456],
                [-15.000000, -0.000053, 115.734184],
                [-15.000000, -0.000010, 20.403450],
                [-10.606600, -10.606651, 115.734184],
                [-14.711781, 2.926350, 20.403450],
                [-13.858190, 5.740197, 115.734184],
                [-8.333550, 12.471987, 115.734192],
                [-5.740250, -13.858241, 115.734177],
                [8.333540, 12.471997, 115.734192],
                [12.472050, -8.333592, 115.734184],
                [-14.711781, 2.926307, 115.734184],
                [8.333560, -12.472092, 115.734177],
                [13.625000, 23.599184, 20.403463],
                [-13.625000, 23.599184, 20.403463],
                [-13.625000, 23.599228, -79.596535],
                [27.250000, 0.000035, -79.596542],
                [-13.625000, -23.599152, -79.596550],
                [13.625000, -23.599207, 20.403437],
                [27.250000, -0.000010, 20.403450],
                [13.625000, -23.599152, -79.596550],
                [-13.625000, -23.599207, 20.403437],
                [-27.250000, 0.000035, -79.596542],
                [13.625000, 23.599228, -79.596535],
                [-27.250000, -0.000010, 20.403450]
            ],